id,alias
g5_H-U7ek51C1tT1ep4igQ,alpine-fitness-alpine-4
HKOIqLtg9f780JHOouonGg,alpine-physical-therapy-alpine-2
aUVAXipfJjqpWOWANaEREA,lifted-life-yoga-center-alpine
Sig-hMr7IhYV6YrEf2AIcQ,paul-toms-academy-of-mixed-martial-arts-american-fork
Mv_emLBsG3gCcngTxh6YvA,xd-fit-pleasant-grove
fYygm3ZeZ90uOl0NHmhN8Q,hotworx-highland-ut-alpine-highland-3
MouzQUyysutTwqSJ8ePO4w,mountain-west-pilates-pleasant-grove
M7mIbSQr7ZVnuJrZ3IQFUA,momentum-indoor-climbing-lehi-lehi
cnRpqEXy1OlsPNQ6yAlfeQ,crossfit-lehi-lehi
keOfImau8Bc5WGb60JwsSA,legends-boxing-lehi-lehi-3
Sd8a575GjLRu52C8YiTujg,adam-tischler-cedar-hills
MNHAheo6ZTgLpmGFLTtVYg,crossfit-hyperion-pleasant-grove
a3goIpfFbEN5mYS7KHkE2A,the-muscle-bus-south-jordan
FwnhsULy6VYnxbPC3ETv3Q,the-training-room-american-fork
f5k6pzG_rbJWLcVJOlfMTw,anytime-fitness-highland-3
ERn3jyYtxIuQnfosJKSxTw,peak-state-fit-salt-lake-city
L3F2qT7zc_Thp1603wcgGQ,lawrence-championship-martial-arts-american-fork
4xZTbIW9rCZWMt4ez2b0IA,core-fit-studio-lehi
CQfvjLuDJuEDjqLmS-dNeQ,the-ninja-playground-lehi
wibKw2Ml8IaMB8JK_1SQ6w,embodied-patience-millcreek-2
e8HM7icP_42ML-49h0V45g,work-training-studio-pleasant-grove-3
7SINTlLb9QSFq619CEEWtA,bhakti-house-pleasant-grove
8ep5qd3m0ZQCewhkESZ9Og,kmacfit-american-fork
St0JPrOw7925JXlTtbuZYQ,the-box-pleasant-grove
gtDQp-XEbwPxiCwmsz59JQ,orangetheory-fitness-american-fork-2
gr_rtqlIAQNX3aM1NzUs2g,orangetheory-fitness-lehi
1tTGVsTiWRu9pqacZ1mQrQ,
MZn-oQPwd6YStvtl5PXbKA,fit-to-recover-salt-lake-city
-jstiI1dmdxeWyOvZaC_4w,sarah-yoga-and-wellness-lehi
53qf3Uw6hs-FL6Vw9v6o3w,bushi-ban-martial-arts-and-fitness-american-fork
IgcB1LnZVvJii5ya5s8IWg,soul-elevation-wellness-bountiful
507QWyRatQfF0HRrIWa9Jg,the-balance-babe-millcreek-2
m1qac4lDlkjxkFi3_qdHWw,
DFtBlLNvP-x9Rcwh3H77yg,salt-city-wellness-salt-lake-city
bpt_XEfvpLZLQjs23YY8nw,crossfit-timpanogos-lehi
iNM_J9YOayHSmdFKjSiIdA,
zTkUGAYV8xgKThXZz-aR2A,vasa-fitness-american-fork-4
Sh4LbjMTLA9D_CYL7XqavQ,booths-ata-black-belt-academy-american-fork
vMi-upxBf_e5si-EK39YIQ,
yXAqMIktVAa6F_aV3KfNkA,premier-martial-arts-pleasant-grove-2
PSV01KsYZ0xzDeHcxtePhQ,
lS_OIa78aH81Q3CHDPHYCg,
wedeiyVwcdLpkqksIkpMbQ,vasa-fitness-lehi-lehi
66u18CGIr4ThoyOwMLYeUw,
ysTZx0yiBphoYgLV4f2sqA,
sW8fcNi7d38RDgKD8tbbFg,
3qh3JPoPY5JA7v2x4uOIMw,
z4f2SKHlFvv81L4LTi8zGQ,
296vX1QZt8XmQt4ZPy9n3A,
WgNSIyeZa29HkOUZ87cu5g,
oN6AlSFFdKoVbajK9_QG8Q,the-anatomy-of-wellness-cottonwood-heights-2
GyMHs8PiJ417GbqD65zcTw,mountain-yoga-sandy-sandy
lkv46KzWibb2AU55gi-ZRA,absolute-mma-west-jordan-2
_CSPFr9GieWI0AHd7ogdyg,big-mountain-barbell-midvale
4Na1GPIGUAMWuw9x-ABOjg,purify-wellness-center-pleasant-grove-2
hQdXK2Oe7pH3WCOzFvLQjQ,neighborhood-acupuncture-and-healing-arts-draper
W_sW-1gmb4kw7T7CccYZcg,westwind-karate-schools-sandy
armVET_Q4fU0AHGtldd47w,jeremy-horns-elite-performance-mma-sandy-2
UTMSiLFDOTwtqaH2k2eD6w,momentum-indoor-climbing-sandy-sandy
O6TZChxAiFoEq-MdbDIDiw,xcel-fitness-holladay
ckiv88p9G9RpfMJq5dYHIg,unified-brazilian-jiu-jitsu-south-jordan
wrTChy7IJ9ysqxGzUZvIag,personal-mastery-martial-arts-sandy
ZCj4QbfqB_czH-Gc_CuDuA,evolve-wellness-collective-south-jordan
5-BvKiwXYRr7UB2hr4_Kpw,westwind-karate-midvale
mWbxSuoaJufpbQ2_CbI8GQ,orangetheory-fitness-sandy-sandy
QTvSe8eQ_720rBlKp_O1Ww,yoga-sunné-salt-lake-city-4
kCLXx9NgZfOEys3STRj7rA,the-cliff-spa-snowbird
4_MyAmae-ZQ4AKbwue4iTg,mindpose-lehi
ZfPeORlTE_Bcj1cl8_7QaA,awaken-studios-salt-lake-city
qWZgkbOAxnpyx75PUpg7gw,collin-willis-fitness-draper
NW_n4LKv1ihlf8MMHUHnHQ,cradle-your-soul-yoga-and-massage-draper
2hUyAc5gP7mo0gYXsZ7Zrw,stayfitt-training-riverton
J18xHVX6Cv1qQEG0RijRZA,level-up-martial-arts-sandy
B67jt2aW5FvcmwIG19P3Sg,club-pilates-lehi-3
S6QXCEu_U5s32pCvc9BbJg,karve-barre-studio-lindon
ckRQQHtO550JF9JmYq1i5g,title-boxing-club-cottonwood-heights-2
o3twKUZ0eWNKN5X8srV0Dg,lehi-jujitsu-lehi
cYt9VeabjtRX3SykM366YA,crossfit-sandy-sandy
atNDyoeFAkQzl3BhtismTA,shao-long-academy-of-chinese-martial-arts-midvale
NYp2_UW9MlpADF0_rXct1g,factum-crossfit-boxing-and-mma-sandy-2
FXBiJYc4ovLicyEbFT17Yw,life-center-athletic-club-sandy
KyToP5E4YwwNSGWBKMjKRA,orangetheory-fitness-cottonwood-heights-cottonwood-heights
n0Q8N8sN6kORc71jN2srJA,crossfit-utah-valley-lindon-2
4iPOgVdlbphwq6XwMw0mVQ,planet-fitness-draper-2
bbrUrlZFj8HUHRv-SunsYg,stillwell-spa-alta
IGeXNYIE2AKDBxJUASeO4w,anytime-fitness-saratoga-springs
DGCeICccGdssF4gyu2FXHw,hotworx-draper-peaks-draper
iatM6gHHt4KJu5UnLNUFWQ,rio-combat-team-utah-saratoga-springs
gb4y9xIPunBeY9N4CS1Z5Q,yogavega-saratoga-springs
Pe8U2NbCpv5UgeErd59KQQ,core-7-fitness-sandy-salt-lake-city
OfXRw_PXS6iZs9SkZj_i8w,
TrOs-2s6i2j7WhXb2LDqpQ,brick-canvas-fitness-lehi-5
yUVNeKE67TEEHuwCbJ3k7g,club-pilates-saratoga-springs
CyMdvN7ZATl1wCx9dRGKtw,ning-tae-kwon-do-school-eagle-mountain
4FX2j2UppXz8krReL5uV-Q,the-ranches-fitness-eagle-mountain
5m84PyIcTX_7NHHJ_EYvCw,
srhji5dNSwbX-myTsex6bg,valkyrie-training-saratoga-springs
XRh7jL-vh86G7ddM5QtWIQ,freeplay-saratoga-springs
zri9bx67MF3e0WJSo49sZw,park-city-jiu-jitsu-lehi-2
IA17PJm9A6SLghBN1AoDVQ,
SpHGQebgMxB7drM2nzcApg,rage-fitness-lehi
OLoqZU3GqhHKUagYfpUiVw,bobby-lawrence-karate-saratoga-springs
CbZzsj4JZDZTAiAtuLLlpA,saratoga-springs-crossfit-saratoga-springs
OdmBJUxHCNEbVKknAs_caw,vasa-fitness-saratoga-springs-saratoga-springs-4
p31pd9nYVJHP9JHChuoXuA,f45-training-traverse-mountain-lehi
jWDS6PAEgMlG0kuHHkkvJA,international-martial-arts-academy-saratoga-springs
yPShtX9Op68QeOszXNsrTg,
xRxhT3Lk9dDx_4Pcyy4ZfQ,
fCKK06SAYx78iRME2WlAjw,peak-fit-lehi
6cKzI0L-RcA0zzU_jQS-kA,
ZT1R2I-19WT5-KR9y6Hc6g,
wu5rEpU-gmRrCi7ALQw6Mw,
wHalRgv8xL-kbhIVoCS2jg,
Fp_5L5T-8x5LnKCeRqgYjA,
bmrvOotzmPxIzHI_ex5Ekw,
RCskqlUyJAtgfKF4sO7zog,
VG8qAsVupV_egMBw5mHpaA,
zlUpC7QDw7sCCNsgwQ4u5w,l8r-lifestyle-south-jordan
PQ598DloUsKXAm59zvwULw,orangetheory-fitness-south-jordan-south-jordan-2
AMupsdwhvpzt0NPoE16YOg,suvita-hot-yoga-south-jordan-salt-lake-city
BcJceAv9R630i-G5t3P5Vg,south-jordan-fitness-and-aquatic-center-south-jordan
Ku4vri6IDUacycnXgAYu9g,gracie-jiujitsu-south-jordan-south-jordan
kb2K9T2W2sHwGUcyw1Bd4w,trumotion-south-jordan-south-jordan-2
f-6VHbtBLvLujoCz0rOjGQ,planet-fitness-south-jordan
LUpahPVj4PPjx16HJZay-A,legends-boxing-riverton-riverton-7
CKfaS2VWHYu3KYMzitXa9A,championship-martial-arts-west-jordan
cJFIgSJW55gbzaTFybwgxA,bobby-lawrence-karate-herriman
P795GZKU4xQEhUpr1ecxgQ,eōs-fitness-south-jordan-4
0QvWVbRHAvI-0qbx38TSZA,f45-soda-row-south-jordan
rMf0VzzBXQy_PpFa0ADBBw,kyu-shin-ryu-karate-south-jordan
WOeVx7k4iEC6sTwtlRitWQ,rumble-boxing-riverton-2
d_x3UQ67soDQUNW1kj-z1Q,coach-sav-fitness-south-jordan
QYUflwESFmst9e3-lbYW9Q,vasa-fitness-south-jordan-south-jordan-3
R93CAH5jhcNKkfjgdX30Hg,club-pilates-south-jordan
cplSCBbqRs_cRkVhFuulKA,hotworx-south-jordan-south-jordan
KjygluPj9SRIVZQDyeH5ZA,upgrade-labs-riverton
A6MsE65RIOzyw4lMnO7HVw,impact-strong-south-jordan
UTJElg2L3fIF5nU6or5Yeg,f45-training-soda-row-south-jordan
Y9MSElbrbVM2Q7HDgKpM2g,lodo-chair-massage-salt-lake-city-3
ygls6VE_et-6jMAgdIhfuA,
IWQ0hnR9WY21qS4EzR8uDg,hotworx-west-jordan-west-jordan
Zwvlfsh18HFWTWWc9bko-A,trumotion-martial-arts-west-jordan-west-jordan
9q0OHCPucN_D3LQ4Ejcd8Q,the-hitfit-gym-riverton-2
md0ezbgcuMnNRc_DfkwzAg,pursuit-of-mastery-west-coast-world-martial-arts-west-jordan
46kbjMmRXUJ5OPRF31rBvw,world-martial-art-riverton
dn5vebWKd5NYKaGm5v_iSQ,f45-training-south-valley-riverton
YFvZSPBdjf4uU9BWY7fIVw,monk-wise-martial-arts-academy-west-jordan
vQIOFfXTndqeXTixAbJixQ,jin-kwon-tae-kwan-do-south-jordan
JCAN-9h2kbDYqnt27AzyFQ,vasa-fitness-riverton-riverton-3
uQrjlhE4XKuRV_Fy_xv3YQ,
sx1XW8xYkAvx-vLEb77j6g,atlas-combat-sports-riverton
ZKPNuYxqLNtQ-6Ukew-hdQ,black-diamond-tae-kwon-do-riverton
w0kZUYwEhJZfTAfDkLlzJg,bfit-west-jordan-2
gMwyp7GHZjDvPFFMITLP9g,thomas-the-trainer-personal-training-south-jordan-2
I-rAJdTgXS6-U-0K1iZeUQ,the-movement-training-day-west-jordan
2mvzi1u-gtwz0QGYN1hY4Q,
QO2gJNW4C2z2EJcW1t_OCg,core-7-fitness-salt-lake-city
w_5-eZPjnLuaF6EicFpihw,
0r1zTuZEEet6Q2SgEkJBug,reflection-yoga-and-wellness-riverton
msRqEbhu0BKtpEbGf4BMYg,flying-tiger-self-defense-west-jordan
TSwe3X4vG4VBEto-9tai5Q,vasa-fitness-herriman-herriman
kHhEHmunSB7cYSZeFQo3Cg,infusion-yoga-and-pilates-bountiful
XdBEgFrcnpWl_fvn6Myr4w,eōs-fitness-bountiful
6S_AGvxCWfnPc3IAhE0cyw,orangetheory-fitness-bountiful-2
AfTnp-dfdrfFKlKAV7TEeg,jeons-world-martial-arts-north-salt-lake
_29zENbET2hHStARZXjuPw,skills-fitness-bountiful
PrmP4BcjzTL6PHCx8Mp6gw,south-davis-recreation-center-bountiful
U32L76cQU5ALKveCK9yi6w,unite-fitness-retreat-salt-lake-city
eEEzYf2DU-OSmtrdXJoxOQ,anytime-fitness-bountiful
J6gCLztYZ9eW2Q16Yqdvgg,salt-lake-power-yoga-salt-lake-city
mt399YvS9tpeUfJbtHZa3w,peak-45-salt-lake-city-2
wzHhnR12LZtQwiJ09h1Q9g,salt-lake-city-crossfit-salt-lake-city
SKxT_n9Ms2DUc3IWMy8KlQ,mcycle-salt-lake-city
u5gYh0uiliDMtoYmrHjl8g,trumotion-martial-arts-bountiful-bountiful
ucwOem5C_JcD7JrikTlhjg,glow-salt-lake-city
tQPDnYmd5E902AuT1Mwrxw,utah-self-defense-and-fitness-bountiful
Bb8-oxlLt88UlrzK6wQlaQ,lila-studio-salt-lake-city
OYoA4EZRRYWkt5ZxruH9dg,
5-PTBu1gAaZWB6fm2GuD0g,fight-city-south-salt-lake
Li6CtwWPTXLlE6c2SgdGkg,vasa-fitness-bountiful-bountiful-4
SV4gDjI8DWU5eiAKcmV6tw,corepower-yoga-salt-lake-city-6
dV6X2M5H_Y3Tk2L-OKToIQ,bouldering-project-salt-lake-city-3
q1HZPV5PcAJXFtmCDFEb5A,combat-arts-strength-and-conditioning-salt-lake-city
U8UiAHAeQNdlxjRNoxagWA,big-johns-pro-gym-bountiful
KNRNP2USa3wik3Anjlo0gg,alliance-jiu-jitsu-bountiful-2
3KzaIg4IidGPwJkSr5NQTA,maven-strong-salt-lake-city
zzxHJvjPCxqq7A5aQJAYEw,legends-boxing-bountiful-bountiful-3
rjng9AXY5nj219cq0mCW7w,mushin-self-defense-north-salt-lake
0bjYxvjqJLgwjpio_CWYUQ,club-pilates-bountiful
uI10m5PrrohC9XJug_uy2w,bernales-institute-of-martial-arts-salt-lake-city
0o0C5BCQWSPdu38vkj7OkA,rebel-house-salt-lake-city-4
onG6a5MFny2-J0HnzHlDwA,sri-shala-salt-lake-city-2
wqsR4bDDV_frkHbQs2hXfA,seek-studio-salt-lake-city
tBSMjAjycSiePXIn7NAR5Q,total-body-pilates-salt-lake-city
1FVVSdGFpbqND1C38CKlFA,barre3-salt-lake-city-2
O0zwaHiBc_3JoJRDkqMHNQ,orangetheory-fitness-salt-lake-city-4
TlnNVgPMdmv6fyV1Kh5TGw,the-front-climbing-club-salt-lake-city-salt-lake-city
6C1YKqLnsXajnhYOKsnYoQ,blonde-runner-health-bountiful
PKEFzsT02Uhm-vgJO3HfEw,corepower-yoga-salt-lake-city-7
1PXsk1GNSsHOZpf6Kjo_Tw,title-boxing-club-salt-lake-city
BlpKooPnKqKV6uuw-Q79yQ,wasatch-ayurveda-and-yoga-salt-lake-city
xo79B7SHpD7vrv2nwWhD8g,centered-city-yoga-salt-lake-city
r-xqdtxCVDrR7MBH43jkNw,x365-fitness-salt-lake-city-2
KAcsFyJNH2N7m4yl9i6EYA,f45-training-sugarhouse-salt-lake-city-3
claJBPHhTbu7rmy79_zpsA,yogasix-sugarhouse-salt-lake-city
z2T1R9cLqkiGSRjJd9FP6g,santo-sattva-salt-lake-city
3oqOtvDs6OmS3FN48CIUgA,salt-lake-lagree-salt-lake-city
sBpkPsURiiHuZ7cxQuo2CA,hotworx-north-salt-lake-north-salt-lake-2
QX6Cmu-P5cYhgxCyW__Ruw,kona-karate-centerville-2
YpqL_tzI_-uGBoN-C470JQ,total-health-and-fitness-centerville
X8Pbm_LAJbi4rJlYCdvRVQ,lift-at-station-park-farmington
KosdD_81--q4Eb1ryLCXwg,crossfit-north-salt-lake-centerville
ygiIij2FiQAbUGECNOB7ww,f45-training-farmington-farmington
KyYOxUHLbR8Gt_kdFq8VYg,
n4-S8Cc1G7avihJUR5B2WQ,
l8eK0RrkwR8jCcy6OlptwQ,
YASJAGiFZJ47XAvhfqjgrA,shauntea-salt-lake-city
PbY2KtilNODHtzegTiPJyw,
0HvbPQ2_U1hXwMLo3kuKjg,the-little-gym-of-farmington-farmington
_lA-ErA_-qYh9jijPwB5jA,hotworx-farmington-farmington
5rB6xZ-l4rJR4pQEqjcndQ,three-birds-reiki-and-healing-fruit-heights
81ErMxK-Io7A3IfMH0jicw,bodybar-pilates-farmington
-RXc7XYbiAFfUXWGJSnirA,rockwell-crossfit-woods-cross
LMc5bzn5sbTSxbRsXo70qg,
VsQwPX8pFJ-l21T23hIFMg,farmington-gymnasium-farmington-2
XgBAc6CdxIyeLvTTYVds-w,
C8B_DvCCVn3geIuzDhr6mA,
KY0ZuiTL6efChRD7EzOQIQ,
gR_gDuapYZyeOjDWX5H5KQ,
HHNAuRWdMQPPlvcsUn2eLA,
EEqZ_y5pUSOdp106rhnWrA,
7jIqKC_PpEVPL-lJ1p2v_Q,prolific-fitness-24-7-clearfield-3
QIqLgzyYeu2c4jkaRfS4jg,anytime-fitness-clinton-4
N49gNMmoG89mHRaPCmQH8Q,caique-gracie-brazilian-jiu-jitsu-utah-clearfield-2
BxLWVUotIbpV2TjjCZODSw,strike-boxing-and-fitness-club-clearfield
S4jHivvnGMkGt12Uax3pqg,evolution-fitness-and-personal-training-layton
L-U1CMQaOH32UUcoQQ1irw,the-obstacle-complex-syracuse
XOL-h9wnoethprvLaGPRew,the-front-climbing-club-ogden-ogden
yxhbpwrmEqpLM7Vuwt1x6Q,roy-crossfit-roy
WkPR72qRE-L28V5G8qImBw,mori-training-center-ogden
XwrRUuG3LWdL1gI5qV9KJg,bhav-yoga-den-south-ogden
OQiXqvJNZr1j7gaS3zWqvA,higher-ground-hot-yoga-ogden
wGX_icCJ5YcJ5BhNHSqBvg,all-fit-bungee-clinton
wS3Dq9dH1ajkor1a0WW0xw,thunder-fitness-training-salt-lake-city-2
m6pTFnmnZfDuV2u9fxR30w,divine-yoga-studios-fruit-heights
YZT3ZgH9MkPVNjyubnqrWQ,tobins-elite-academy-of-martial-arts-t-e-a-m-clearfield
YezYzE2h-s5IhMDXNF3L2Q,wasatch-crossfit-layton
yKANreSAYDVqFNRIDf_SOw,lifelong-fitness-kaysville-3
X8b0m4kYc4XKL71pNHekWg,warrior-fitness-center-hill-air-force-base
sflHV2IB6GwjQYjcZP4kNA,gpp-fitness-syracuse-and-clearfield-clearfield
L5ZNret3G2WDcFfXQNKNUA,absolute-power-and-fitness-ogden
AWyxrEf34yKrLz5TfUMmLw,the-greenhouse-wellness-studio-syracuse
SLHaicVQDNA7J4188_ulEA,letrono-crossfit-syracuse
QaRe9jql-gfftvuynlCURA,evolutionary-martial-arts-syracuse
x-Jl0gcv-1DSFlOLvJbUGw,the-iron-house-ogden
pOO5lpUnh4opzLiQy6Stbw,renzo-gracie-utah-kaysville
jXPwLfeh0u1RHLM2dGbCiA,brazilian-jiu-jitsu-the-mori-academy-of-martial-arts-clearfield
qZfvROZKjpiyHo9b_ZwUuA,planet-beach-clearfield
HiALQWaeAHb7YndAyisaEw,o-and-ms-hap-kwon-do-martial-arts-institute-sunset-2
ogwFwG0IFtEtqfKWa_BPsA,club-pilates-syracuse-2
LfOiYxWe9zL2HB0N7hY_vg,championship-martial-arts-kaysville
ZS3URlhHn2oSErPYkFfC5g,one-hit-mma-layton
Z9EnVH5Y5_m8NLRJ55wjxQ,planet-fitness-layton-2
Qt6syJvPi5b_5D9HVd4M_g,vasa-fitness-clinton-clinton-3
xnTMW0VOyyI9ulc0zKldLg,fine-tuned-coaching-clearfield
ocFK5QJ-v04MDqNEYBNcaQ,eōs-fitness-layton
0bfYHuSeC6z-NTyw_CAAog,snap-fitness-roy
IPVtJAddqpdUMVuthQcwsw,camp-layton
zaaws11rviM7_W6ivFWolg,snap-fitness-layton-2
FQh6hkad3TCkW23hhTRWXg,
J_1G0ImJEDDqoRfvFq4IuA,sol-spa-layton-layton
XtTxxLUWX4qJv-bL2IvVZw,boxfit-utah-clearfield
7kSEJUVtojuYwtj2HHkVZg,eōs-fitness-roy-2
Ujb5uKHluFfxSSbCgF1GDQ,roy-city-roy
wfwZwztjPq31dNhpIam7xg,eōs-fitness-ogden
CTARmxYLi9JzRKkVb5qgtA,xcite-mma-bluffdale
Qho0KlvFF1GGG_9d5_gLlA,the-elite-training-facility-draper
2X_XMNX40qbIriE1KoftcQ,club-pilates-draper
dlIyEp7YrgQDe61ZLCtfVw,pilates-revolution-and-fitness-draper
_aP3X7uI9cFU_fJ12wovkw,treehouse-athletic-club-draper
s0Rtz3E2ptHQjSwcDO30xQ,total-health-and-fitness-draper-3
kEO0P9hGj5plK9JNecqJKw,orangetheory-fitness-draper-draper
v6-C7iYjv51mqtXAgxjCXw,ute-crossfit-east-draper-draper
HMcmX8DMgQs9pnak5U0Y-A,
SE4Juscv4rS1xEk1jysb_g,bailies-gymnastics-draper
4qDx4OH5hXBCO4pP2RN3nQ,kearns-oquirrh-park-fitness-center-salt-lake-city
AphNEIK_AUE6MioTgJVThg,aerobatics-gym-draper
RjgKwuBWYeumnx5qm5lUqw,premier-fitness-and-massage-bluffdale-2
Qc7mgmpTIERn2twEGBl24Q,bobby-lawrence-karate-of-draper-draper-3
e7XMkv4Z5mfJh9TmqUfziA,crossfit-our-draper
y0JIMu87lLswqQePQ1jWBQ,vasa-fitness-draper-draper-2
JDrrcmvx644yZ_nOIBIUCg,first-bjj-carlson-gracie-utah-murray
5KWqfMdNNxHM1XJlELAHzg,crossfit-draper-draper
aMbkXq6KhKiNwFzHau6RRg,vasa-fitness-kaysville-kaysville-2
KVliI2nXUmpEAiCxKwfntg,
SCfkn72AH-erfZq1WaIKXQ,
LFddrm8xgG3-vkVHuveWog,
etAIbsTWaeLVl0BmaeK2TA,
l5m3WJZ25Au2yzrkfQnhxg,nimbus-athletics-kaysville
66smPrCESsxDTRCTRx9rGg,orangetheory-fitness-kaysville-kaysville
SclDRlYPzhIMI-uLgnkbaQ,fat-alberts-gym-and-fitness-layton
zxzjOOrnK_ew0-zXzcWLTg,pivot-fitness-kaysville-2
hJDV8Vi9G0elQzJRsEXAAg,
w5pWrcM3eAfUEmvBlOhIsA,club-pilates-layton
M83j-Q-BZsPeVPg0hIuIlw,gracie-barra-layton
6HqyofDIs6n2vNWnLn6IXw,premier-martial-arts-kaysville-kaysville
hUrpx9o9mBa6hEhTtAS2gA,
XdHq1cOoRr1-FrfgIaKTYQ,
27F77805UbpazzRKgDIRtA,ritual-hot-yoga-salt-lake-city-south-salt-lake-4
3rKy2MKG7myp1UwH493ZCw,shred415-millcreek-salt-lake-city
oy1xdFEQpPiKY3Excos6bw,the-quarry-provo
rHiiobknJHu2sg05DDLtwA,slc-strength-and-conditioning-salt-lake-city
dIWuc1S5uZQ9HDY2YvWgug,k-effect-training-salt-lake-city
KIGEwfvhL2djSJzEcIP1yQ,3b-yoga-provo
gD8Je8usDaUw3MtF8Fx_lw,orangetheory-fitness-holladay
zO-PMLh1Nwn-h_dOFum-zw,anytime-fitness-payson-2
1KtgHD-THMRbG4wUCF7GiQ,exl-fitness-and-performance-orem-2
0QICNLTzqQSR-ESM4eaMhQ,obsidian-fitness-millcreek
mHhOIDcjugfhbPcsX5CH7Q,gracie-barra-salt-lake-city-salt-lake-city-3
ZpH9dmR0rrEb1_7EYZ5ttg,the-shop-park-city
ndt7zpukUYlyCusmX7-Y4g,mountain-elite-massage-and-the-sanctuary-heber-city
uZiiVMHz822g8apeYXTO3w,park-city-jiu-jitsu-park-city
_P9Vt5nDtR3YYIv9qZCGYQ,yoga-mastery-institute-park-city
ABKfuZPebnRcYMcwAe5o-Q,park-city-yoga-adventures-park-city
OlI52zldU7CNcW59911jYg,eventful-yoga-park-city
738VXgRGymJcWwxVpON0yw,athletic-republic-park-city-2
T5kVm1MSmIfFNQRHlI0o3w,embody-wellness-center-orem
b4m0Gd5_obkQAeQO5lIaiQ,good-movement-studio-park-city
P10HrFkqC-WocznCMcWehw,pilates-by-alison-park-city-2
XLZen65HVcBddtr00ftgfg,now-and-zen-massage-park-city
lqZGCDDYgrNPv3u2rlHInA,peak-45-park-city-park-city
qMCiZFhxoMXQ6PYNaXhzMg,silver-mountain-sports-club-and-spa-park-city-3
J1qLrTOC84g2i3KWTK5CNQ,everly-grace-whole-beauty-park-city
iyl5pp_3FMvW_Lr43_cniQ,salt-pilates-park-city-2
xZYD_VhZOn9pWVTbiLa-ng,crossfit-minerstown-strength-and-conditioning-park-city-2
u7iMkFvp1GnbgBY83wbLPg,upgrade-labs-park-city-3
VKVabnpMFeBqnRmUFVzJ2Q,pure-barre-park-city
5bA_5kExmEYvv8Yq3Zbr8Q,bjj-revolution-utah-park-city
q2GIOK4S1-jwJDFa5Wc3Fg,gracie-barra-park-city-park-city
wr38ucSaDxo_X2sWlcH0Dg,orangetheory-fitness-park-city-park-city
VAm34Kqfx_RSNaWpnyaYKQ,pc-yoga-collective-park-city
tsTM86qqBiOKm5GGbCtxUw,the-beau-collective-park-city
dpnDMIycTExS4ZK-JVHe3A,montage-deer-valley-fitness-center-park-city
fEgGSn5YVA_LPJtz3udI9A,utah-yoga-and-wellness-midway
suHm8fQrsvmz91MWE9gxmg,shamanic-twist-institute-wellness-center-and-studio-kamas
bqog_ZrqL-3Ecw2h-5g_pA,f45-training-park-city-park-city
r8J9KxQQnJN3BUchPUw4rQ,crossfit-park-city-park-city
IZsQ0iu5AiRXAuRFJ65pzg,heber-fit-body-boot-camp-heber-city
5mJZ1m65OhlTEqkjMHYuew,mtn-pilates-park-city
hmQjfDND0lV9OJFJsLPByA,board30-park-city-park-city
IbkTiJZYgegfXMNgxmWiEg,ruthless-performance-heber-city
MzIFid15ZD6GV8Yux4tudA,summit-yoga-park-city-2
ykzvwtiVfW_gG02pO5okww,silver-mountain-sports-club-park-city-2
mcBYWny1oJTCwMQ2FDnWCA,studio-rise-park-city
W-jrj1OYr0VTTOAWN59Shw,club-pilates-park-city-3
9IGV2IEDGz7CcbWGi4OovQ,park-city-horse-experience-park-city
E-sQ24e4N6USMILcHlPOVw,anytime-fitness-heber-city-3
gR79HhYfRVGzW1l3Wa7Q2g,juliy-marie-pilates-studio-park-city
ujLZ2dL-u5CL5efM2XwC0w,gogans-garage-heber-city
rqIOhxR6OM6vAMVquYpQ4w,pur-pilates-park-city
L6jNAjluFImIchLe5P4yPA,
29kFUe2bcM2QVJQDvHsMiA,the-pilates-studio-utah-heber-city
LZfDvCkjKtFrr68y51bUfA,
vfCG3y8TfJ1KJb0W-a3H6A,
ky1ClVlKS3k-3f99wzjIEw,
0lR8cFpVlbMcSalzkIdh9g,
BtM1nCbmzs3yGAit2fagQg,
xb8fxAeR_7pfN8IH1JDQsg,
k1moS63_5XatSBHUKAuUCw,
EpdN221Vy_VTHMeB1r9yGg,
5oSyXTidRxtO3dbDoLZaHQ,anytime-fitness-layton
ZbWy7PYW4uaU8G7AqBkc2w,
lAq1hjzLkf82rTO77htiNw,hd-transformations-south-weber
RdHygla3Xu6h9lMvHp0pXA,vasa-fitness-layton-layton-2
D8NRdJROWtZIpUQYf5Huag,
SQL62g589hZnrEUOpI-tPA,cherish-wellness-layton
GgGnHy52GxtefzyxWdkvwQ,
nh3bXJwVbQLNdkPXwu7NDw,orangetheory-fitness-ogden-ogden
RTpqWPs3Dm37yXKThLcVUw,f45-training-south-weber-south-ogden
BYdzaRJJRDIEKv-pcpas_Q,
_taXinqzmwqDhPeGK-Fmdg,utah-karate-institute-ogden
J0a0_YM2uHbMQYp9J-dxXQ,
1Ip2yxPGpEjukBVxObVEAQ,
NVboSYL-boJHLDYlgTI73A,
8j7jnwkor19hxz0iTszVgA,pink-fitness-for-women-layton
g-bK6N7LW3lKBKgEC1yQJw,
1sMKDil3jmNul26ffqdeZQ,
7e9BZ4JlqIcf9D4zASu3lA,
s-JKnyltF20mrBzrabgbXQ,
z3rYSk8g10fT0eHxV8l1Tw,the-grid-fitness-lindon
U2mvkUVpUgVDwvhpG8mu9Q,f45-training-lindon-lindon-3
vDdZjUsBXDpVd7y4yj1lOQ,inbalance-wellness-and-yoga-orem
PRU2p-r9JL1fAFDW9r2bwg,wasatch-combat-sports-orem
MdVSV1Txh5WWNRCTSsJmMw,the-yoga-shala-orem
qxIWq5OeP6gGeWsqWSwsXw,the-dojo-perrys-martial-arts-orem
LXl-gKw2OR2vElbH4SZOpQ,orem-fitness-center-orem
DWJt6u9AliWNzhEkw0JkDw,mindpose-yoga-lindon
8Vww4KMUuqrmDI4hQO2FUQ,royal-west-martial-arts-lindon
QvHOPKndqkOO-sqKP01uZA,utah-valley-self-defense-lindon
QTvs7YoZKGg6dNCVXwmMYg,club-pilates-pleasant-grove
nlfr-ROmM1A2MCEThkotBA,
IJ8kDCXnFZG8zflbVPfMfA,put-it-up-crossfit-orem
9158TBzKoerDWcT5IgXeLg,passion-fitness-orem
srBKIsTKxK3m5MgYNatTBw,bodhi-yoga-provo
Lgn-mgvngcNOY-D9tM5suQ,the-little-gym-of-orem-orem
kKhYtuAyBorRpPKbNlXuJA,planet-fitness-orem-2
o7pbqiQ2bM3m9ORA_KnkLw,strive-training-and-fitness-orem
uBtvPuLqJuKnYK10RmkM5g,center-stage-performing-arts-pre-school-kindergarten-orem
s9cwE8Vc2QTPf9Gob4fm_A,team-justus-bobby-lawrence-karate-orem
1276kHfbOr2Cfu7ktJ1f_A,train-insane-orem
477TmE-gGd0FvtNTrovbcQ,the-yoga-underground-provo-3
-VxEO4j8tzyf88ZsnCw6qA,anytime-fitness-vineyard-2
Al-VYN-SkQsUMeA7xxTrgg,
SmZ5DE-bhsRzXVZhZhiGlw,
vyY6BsFl3HmEzKbKelp3Gw,westwind-karate-kearns
_ORNd3U1Ul7ep0k1y6cpBw,family-fitness-center-west-valley-city
GyVJK9Sz4mKywUpElOMZbg,west-wind-karate-schools-kearns
6jmqV7vZN-PKV2Dy3MMyGQ,shaolin-arts-of-taylorsville-city-salt-lake-city
2xSoW4e85o28Dej_WBTXdQ,bobby-lawrence-karate-west-valley-city
8WaR-VAmHrqxFsjmxu2bkA,lion-strong-fitness-salt-lake-city-4
lrR7nHfAnmyqKJhRYDe_QQ,vasa-fitness-taylorsville-taylorsville-5
WZQSPiUp5ECpBQN3GgJOXA,eōs-fitness-west-jordan-2
x-djIHBwEuqDsZneTi1A4g,thrive-fitness-west-jordan
giV4UuZi2WcSdClj03Wv6Q,family-tae-kwon-do-west-jordan
685Y5TX2BHZBpzjaqrH_bw,vasa-fitness-west-valley-city-west-valley-city
LD389V3iSnxUd1c80FBKGA,planet-fitness-west-jordan
OfBRQ_YLF5A2UiGqnEQzkA,national-academy-taekwondo-west-jordan
sKVRv3oZVBmlzLSWfsWIbg,stella-fitness-salt-lake-city
69-B0Q_J8TIUCTAv-VnH6A,vasa-fitness-west-valley-west-valley-city-4
ET4AR4TnWCGERPmKRRH94A,andersen-tang-soo-do-academy-west-valley-city-2
YGdA6BVAfAoBOSUfzKSfFg,anytime-fitness-stansbury-park
Klj8V7U4myYkiXLfeeAapg,jin-s-martial-arts-salt-lake-city-2
0eHd8qertf_pqHFoTkHsOw,trumotion-martial-arts-taylorsville
AJXMT1HfHcwdQqb9tbdH2w,saindae-muay-thai-academy-and-fitness-salt-lake-city
8XnowTJYh7ItIWm7KWZV3w,cp-fitness-west-jordan
rTrwqqult-g1spBPmxXAdA,
sqmJ9n79UvMeRMG-Gbm2UA,crane-school-of-highland-dance-salt-lake-city
0bOaVh4yfmvGNydRXx1diw,
F5nHo3ImQ5lHsSdn7usuRg,
drlqdCsi8dVNcr8Dm9GTtw,planet-fitness-west-valley-city-2
RAtuLa1ql3JFFBHRQkMWyQ,
xBOCnjFcVfQ4r8T_09WMKQ,
c_wCxsQppayoGngr1mpESw,
i-olpNbL9Qt7m3whouNhfQ,
R_1ZoKx7om8dXg4c06QKEQ,
MeuML_v-f8wsCMMk3nAr4A,
oax78IQij3iJrQdbl9tj8w,
lCm8N7vIM-rgj9iJ8cZE3Q,
yOi5IgI7hTdgNLJceeY3Qw,
sRadk151Nqn56zFDcf3tEw,gracie-barra-sandy-sandy-2
MTyJXvoFce2Kj2MiJH-CFg,b-hive-yoga-midvale
8nvLLc8Qs37cybyoiHFWHA,cactus-and-tropicals-midvale
X_dfdlUjkTK34pRCjBbkGg,black-flag-strength-and-fitness-sandy
UomVbTZEc1q39Lmg0CxBpg,anytime-fitness-midvale
JMZvUbSKE1kE4Mvp4hxjLQ,rocky-mountain-judo-midvale
eEjt9dZuVErp4la95Mx-xg,momentum-indoor-climbing-cottonwood-heights
MgOWNoxFY0A7TM9do5CGzw,vasa-fitness-sandy-sandy-3
3iB6OerR0EmCiHx9Wgos5Q,sierra-mma-sandy-5
roKi_0acotWVQj0IzXYVPw,eōs-fitness-murray
9ZK_RF9zizv4qt7ODLT14A,ironground-gym-salt-lake-city
S2s5WYf4YdRRR2IWDBC-Eg,ultimate-combat-training-center-holladay
YcDYmaDVa_4ADnzXQ8H1vA,pilates-for-everyone-llc-sandy
DTCMiel7ttIzsoPkr-bnOA,the-exercise-coach-sandy-sandy
BxbL_sSn_ihCuy4wXYP8OQ,iron-allies-fitness-salt-lake-city
3t2o3y8xKzijPIiENuxbEQ,b-hines-in-motion-murray
6A1DIaHmhDkixzKyw0GaxQ,salty-hive-crossfit-salt-lake-city
1--WsMWkbeXvv-ftn1j9HA,chinese-shao-lin-center-salt-lake-city
F663vb20Ww_3wrpzGdMU2Q,life-time-south-jordan-3
2zzd75E5paPzmbDPXbyZCQ,cottonwood-heights-community-recreation-center-cottonwood-heights
Bu9QKy3JMHEqx3RoBg8hew,
mfN9oI-QAJP--R0jn1A-Og,
T-ti7y5rdEKjIklXqqkofQ,
GvzEdqJ25Dq85VCUjPrYeg,
3WHlfW5wMgedyqCe_bAGsg,
WevsjXtcLojJPSsL-lvI7w,wasatch-dance-center-heber-city
4K_ZmWRQfS0bb81yhq8xzA,
TnDfKssZFBLv6J3xP0po0w,
dOwytj8OAhdskC-HF7GSSA,
crEiCRXr-iBp5jK4IHP0HA,
resP3rCPyHDeVQDRlctRYw,
uYM6_iHZFUp0mu6NZyhTgg,
aYKYlAKlT_ZPe90cSt6u-Q,
ADWqoBHveW1ZD0H6cjLT4w,
gxK5OnkzHfWx3cpKdBMJrQ,
85-Ssyjg-7rPOU1KnElOJg,
eEUV7WTTgppmvd9xHzQt6A,
WGObQxXRjM94saham11mxA,ute-crossfit-salt-lake-city-6
UKrYF8zCRlBL1wK8L3-dMA,corepower-yoga-salt-lake-city-4
2EO8rPhIXjw3SGfaRUkVqQ,
nz1yt19QI3-8hOwu2nx9eQ,the-gym-salt-lake-city-3
7uoz92hWRs_uXOTDVP7R5g,
6N9ZsD_BKvRuZw5lTxdKVg,
6hjz8Kzl5SL84Lj8-vEVig,
8Q0mclFNj_x2e_duYgkM6Q,revolution-athletics-north-salt-lake
dM3ZC2IenRohdTM-76QMHg,yoga-and-beer-youre-in-the-clear-salt-lake-city
pDDU3qy5FRaTEqhIrWLR7Q,the-pilates-approach-salt-lake-city
CJ_T9J-4AhIxyVS94lZmUA,
HZM1Dnu3MNl1iMwV6nQ5yw,
PMoFkN8LQk3_9-AxK5v-cQ,
Rm4l8UWZhtty_xJgdCSFAA,massage-and-fitness-studio-park-city
HX6vBR0pnz719M646XWlLA,viking-crossfit-orem
F6AbOKrlY8OfrM1lBqaK5w,total-glow-pilates-and-yoga-orem
3JgYAhFWtWvbFPrKOFAYJA,amys-martial-arts-orem
uoFaMl8lNl1Yo5NW7mfdJA,
JH5TR4_dLaLu1COK9O20BQ,burn-boot-camp-orem-orem
-MvBi6YGLZw47W1eGq8sXA,vasa-fitness-orem-university-orem
LWuZcom6EtMUvMLW5HjsRA,bobby-lawrence-karate-orem-3
HKn9E2PadLdpcVN2XIBezw,xyz-fitness-orem
Ik-9qYgK91GyAd6R9u90Pw,jiu-jitsu-utah-orem
MZAgIG2EkPSzKPmoS2LHKQ,innsaei-orem-2
IIyJn89yledA0AlsFEhAfg,vasa-fitness-orem-orem
cwQoHj9XDTtE35P8-1UnHg,fight-or-flight-defensive-tactics-and-nutrition-orem
mNovTiJdN9GGPOa4mcbaXQ,
tsFqcRUe8KkOhpUAkjDNSQ,orangetheory-fitness-provo-orem-orem
me9-GfnI6zx6QtkkP34_qw,mayweather-boxing-fitness-orem-2
XHVhsMHzDbh5r0Im1w646g,
MnWugy4K5EvISmJVFSfUvQ,bushi-kai-action-academy-orem
YuZinUI2ATHw_bsUQmUhZg,
F7EBYKgRmAm5Ys4ouSJKxw,planet-fitness-provo
bE-9apQnHo1k8HpuBtGrLQ,
JiE3gw9Tn1d3VtpoHVX9Ng,hotworx-orem
JRTRxPNRTSv8MSyd8vc1OA,
RsYD2HPhzLI46IV9GEttOg,
39ZcEVYWg8g9aQKFl_P_wQ,
JBNsPkFeT4tFDxy5z7R5TQ,
JXfzXZXZp0Tgqv5weFUwVA,
mecNynXf_3gE88V5QYNrjA,
3zpvt4cuZkZzTCjvDK7OXw,
FO9LAxsspnDpUlwaUZA6gA,hotworx-park-city
-djCEDT65FDzbZQw2gW72w,
7DpSKId5SLbmIaxVjuUySA,
s8q8KpWIt2dYweCUFQ9LuQ,
Dv7ineG8GkJHXXdF0Ao6kg,
7OhuAt7gklUkS8RWrdYghw,
xZWQDtA7sKuhPebecZoJaw,
CXTPsRL0QupAtTR5cw6oxA,
1-lWh5FzQZZjXdc-4TX6Og,
syNjGzI9dI6Jx5Xxuw662g,
U8FYmcS0pjMQSDoY9_hIRA,atomic-pilates-and-chiropractic-bluffdale
FWeTdGy1Zw5pe_MM2XkI-g,first-bjj-riverton-riverton
eq8Xe3BjBEb35PyI1KC18g,tougher-personal-training-price-3
1z-Epu-YOojY1Y3gZecG_w,tca-academy-of-martial-arts-roosevelt
0kkvx1iEdfuNhQLGhXZGkQ,warriors-warehouse-gym-vernal
XAQ078K8zHqRfOmCf6entQ,ufitness-roosevelt-2
RExbadV6HkH46gxGykI8KQ,raptor-martial-arts-and-self-defense-price
Znf5UVOsTLMug7jAaqIzKQ,anytime-fitness-vernal
BcLibw5j3DZrE6E7w1fd6A,
pafVoh1tUSkFh7FXVjo3ng,
UtziOdA-zQX5MSwZTSNnww,vernal-fitness-and-nutrition-vernal-3
cUtrI_qgTF5rkdFmDqRRcQ,namaste-healing-vernal
d_kdVdxcUZW0r6-vmOToGw,uintah-basin-piyo-vernal-2
O5crbMMufBVE4ANmi0deAA,
DdjZ0J5sBmwY6rk-Ykbf_w,ceu-bdac-price
C7RUJfyiMuBepqul8HbjxQ,
zu8qmIU9fJie7DYnULGJ_Q,
8euTu0EvsMRp5d2T6tbLhA,
nDJHQ_ihJUVf64oQVawT1Q,
NFm4WTKLrK8bnsx8DtvOYA,
rtCSl5gpq7lNx-g6eDcA-Q,
-n8WhWqiG0Do_Y07CoJ3Rw,
l4OZdOhlDLd9O-OyQn2j5A,
jGNTqYNcoWbdrtpE0yMLcw,
B6wOH0a-hJSlXJdlzJOBEA,
mz4x79PqUnnnSaPF4e7_kQ,lady-fitness-west-haven
NqIzNrKXAl30GDN-KPUR5w,kims-academy-of-roy-roy
IFsNpfJ4Cu2jO1TWJ19-pA,
zmVQCF2CfEK2V23a0MpAWA,
ePT_kqjdcCrW2o2kI6mv1Q,
oQ09_2x2MbgQOTLEazsEUg,
YxlwjMIQJMOicsEsE07amQ,northern-star-bounders-west-haven
E-cYoIRwtlg7bCGmr9QCuw,training-for-warriors-ogden-south-ogden
DscjdwiBpucGFTswMdJ2Sw,kratos-fitness-and-performance-group-ogden
4QnCLnzAS8jHOH9pEQHXOQ,
yigPMXV6FwDfZ2B3cq2YgA,salomon-center-ogden
OAdO7NctEZ_2zslkcJ58Vw,
d1Q2hrpXEb3h6cXjPIXBew,mp-usa-ogden-2
GAnywCaQRcxeEQyeGhrKGQ,
LX16sRowV6ZkMD8zrcDAIg,
tpQkyr9epYmPlT4M8HgkDw,brookes-innovative-services-ogden
Fi7S8YgsHaSDbeYiF_NDIQ,ninja-warehouse-ogden
foKhpLtMyczgLZgVX_xzsQ,
w0PHE2q1n5371H5rkyqxBg,planet-fitness-ogden-4
cXG8qG9MsnK6XKTHlkBZ5A,
n_fP2rPbvKFFdem8GrkRIQ,
xXao7l6AlaYvWlJOfPTf6w,
rC56M0TcAPzgazyxQquyQA,irock-climbing-wall-ogden
2sp3uqYlw9Xa_0mfGAqHcg,the-refinery-gym-sandy
rUVt3rNKdsRS00kZ6DI8eA,amplified-fitness-sandy-3
ciB4Ftw1o8vfGJd8cxatPw,freedom-fitness-boot-camp-sandy
CSftVP0Yd5dVGMc6OtCmpg,us-taekwondo-sandy
OfXCjwIX9tOUiRwFwVZefQ,eclectic-wellness-sandy
Ox62cSG4ZmrtLOEf_JP3Bw,hidden-valley-mixed-martial-arts-sandy
ZZppFsyHkaAc1ipKI6HgGw,unified-krav-maga-sandy
CcnfpHtTgnXvq1VOUXI7gA,bobby-lawrence-karate-sandy
nPenHlkKoqORk75ATAXY0A,club-pilates-sandy-3
GEORDxp0T9h5jFpT43k5Jg,koko-fit-club-sandy
vliexWPpZuBcrbHuRQZKTA,
Jya0MrfpTuLFaw0pm74i0Q,impact-martial-arts-west-jordan
aWyAUDzdQgKYdUiJsKz4jQ,dialed-in-fitness-sandy
-VmnLddzTnWpwWFrGYEWQg,red-tree-yoga-studio-tooele
UXfbvSJkBCKyhB3UQOr4oQ,vasa-fitness-tooele-tooele-4
j3oBo69xuSFOlBn-u8pDMg,
XvZ9EG7JJuwG2CrSSPh85g,
oD0VL1dOrhqe9xgShLBVNw,
A3zE1flneJGdJPjk2jU0Iw,anytime-fitness-tooele-2
3MJ-hm5QMcOQxd75-h7kgg,
JHhe1kFWKlnHdvRJmBFc2w,
4rIsKBQ2Q-naRzgliVmrhQ,
dcLTi_KJjmQgg_UkFIZX3Q,
6x_5SAyNOSj0gaGVQ2TAKg,
-fPEXrViy2HrADU3I-1ceQ,
2o3FxGyfs27sCaugR94IQg,
8iHNPyAYvduetc_xTaRBvQ,
1ncZMNkihm-GTZzS-SgT7A,elite-skills-academy-syracuse
LxsJbLbigOkanul2LtnEjw,snap-fitness-syracuse
VjV-__gKkXnCGV8p3Hy19A,athletic-republic-west-jordan-west-jordan
RUbkQHE70MbZpmraQAy9KA,
1feZGGrJGRVEjtMB9FuhZQ,
oA8l3I3m79Fq75J_oLOmAA,vasa-fitness-west-jordan-west-jordan-5
6bRL2Lk2u1n6qNDDS-Az2w,
gBjN_izjgFjxsH3GcdkB8g,tony-martinez-sr-kenpo-karate-taylorsville
_W7wZGfDgpMl5ZfMfbHjmw,gracie-barra-west-jordan-west-jordan
_mjE0cDyGtdInrOwZq5gNA,planet-fitness-taylorsville
CMRPwjuszYXeNlaBxIatCg,massage-by-miloh-salt-lake-city
lnZDrk4rkIhX8bGbjbxQ3Q,rising-phoenix-massage-and-wellness-west-jordan
MzA-vYauIlllgiZmXo9-6Q,just-relax-in-motion-west-jordan-2
hFuiPj1At24fhM_Gqjpbtg,woven-heart-millcreek
TmlI0PFaX0mq541y9qKtzg,twin-tigers-tae-kwon-do-utah-west-jordan-2
w3QyHNGyyR0oHVI74jdxlw,
y_tU5Zyaysa9yigVfc5Q9A,
LWYPxh4SdImhIjJ1d9MkpQ,
pSUynKiIvQKWyTXpdM3Lwg,
q9-DE0f_rqnQyQ7i_sukJQ,
Cnhl7OQzFGDWoB0HOMPV2g,
bhaApdCTo2OwJdmCllcNjg,
-SC6IMx8rPVrFvZxuwedUQ,
d6QBZj31LWX33HEDpm6spg,f45-training-sandy-sandy
sDSCzXetkaX8per7tOUOZg,leverage-fitness-solutions-cottonwood-heights
jUAwfWxnGmQt7mv-OpbjPA,tiger-rock-martial-arts-sandy
xoCASF7UeKcZpomcuu2-3Q,fitness-together-cottonwood-heights-cottonwood-heights
lnt4MtebpCVv7WH_0KuxKQ,intermountain-pilates-training-center-salt-lake-city
J4yZ88RQPyOTvpGTq-0TLw,echo-martial-arts-holladay
0Okl2Kts-wzaAnTC70EvmA,temple-mma-salt-lake-city
tXajD3HnY0BeyKyxU4G3YA,pilates-by-robyn-sandy
H6xhlmBobj9Tx6JA9g6Epg,studio-core-pilates-draper
dhzVfrpmDXt1L5B9Jcf8tw,master-seungs-world-class-taekwondo-draper
85VfsxmZKJg1MaExjgJtpQ,eōs-fitness-sandy-3
9IT242SUVHNFlaaoLkS4Iw,
FBwXLQpdzA0tF6Ql09zmmA,stretch-zone-cottonwood-heights
uCj3U1d_c9-RZZDpU-FaIg,ima-utah-karate-cottonwood-heights
hpdTdAVzlklUnpPU11yKHw,curves-salt-lake-city-6
F3gDFEJOrnvPHXMJXGJUDw,
jPrZn8dBoYEjwwqM8uF1YA,revival-equine-sandy
KAcnWYxioz8rouxeSd7Vkw,
I0zJ94xuIUVlRUjzipHddA,laionebuilt-fitness-herriman
ruaYd6xXcPo6hPD2w8hFgw,
A8felsiSkGLMlDPtM93fXQ,the-academy-farmgate-salt-lake-city
MTo8gBl9BDBaSTJJDb8TZg,
q9_c0x2rhiBK_O7gkidkDg,kmr-self-defense-and-fitness-riverton
pMzOVyRXTJNVglB7gONMcg,orangetheory-fitness-herriman-riverton-2
zHOE474MdIV5rks1i5rIzA,skol-crossfit-riverton-2
SWG-idXstxZnScX_alVvgA,hotworx-riverton-riverton
I18RU1CfqAgniCoMCSrdtw,anytime-fitness-riverton
JIoBsLYP4jzEfTK_wSu3lQ,leantrition-provo-3
WXXZDZXEDKHaZKSsarPHYA,eōs-fitness-orem
p9kpiB9WZdOtdbILYrqP1w,
RQgdeef_0-OrftrPY2EzqA,cates-premium-coaching-orem
rMdWtYpIrhSdLMjxv0NUgQ,crossfit-vitruvius-provo
RTOt7Hulx5DlH8Y9xChPiA,
tyrjmKDNiR4Yt4u2nrNq3A,stretch-zone-orem
ruSbE41LCWs0bs1nd18otA,f45-training-south-orem-orem
znNwDJ_Dk7gPD3I6I6Xr0A,
_1gazo6SirwVYGLgvFjZ_w,
4AWD2D5uyCyaA9QI5CkwAA,
CTRE1jvV7WNPQ3FIgcYb8g,
O9Pq9G3CkD9WLqqI-6E74w,
ToK_SWRZqTIkFjF6en6zJA,
__-pljjcA05-AmChWEZzJQ,
JkkCEa-SL55hxlCOIY8W0Q,
M8ws946qxh_nibnyyFmHLA,red-lotus-school-of-movement-salt-lake-city
MhNiwwsygyT-HdZKzAEdJA,irockfitness-salt-lake-city-2
6956jJTl5vCfsLt_gnJijQ,encompass-wellness-online-studio-salt-lake-city
hNjI1fu3bsaZquYZp4IiUw,slt-gym-salt-lake-city
HV_d5ZFKrTZwSu-Q6WZqaA,tune-in-mindfulness-salt-lake-city
YG1-wS2dPbsGD2e2GKZpGQ,the-block-salt-lake-city-2
W1eZ2HvRMk2ZMI6i2Smpag,body-by-banks-salt-lake-city
YgXPt9cyY47b1EMqJOX1ew,bodyrok-salt-lake-city
iLYo22_wTO3bzzbvNFjT7A,chvrch-cycle-salt-lake-city-2
lVCgEKF8L0K8V4BWgCNNvw,zenbei-judo-team-salt-lake-city-2
cC_zvJ0gCnqkJCXtfYDWAw,eōs-fitness-salt-lake-city-3
f9HN9TEXYMNScQQa_8U26Q,the-pit-slc-salt-lake-city
cyIjtyJGQr0MV-AiL9ryFA,
xIlcZ3_V1JvXSOmTZQo46w,enter-zen-here-salt-lake-city
WiQTbB2eVRyO0OHcXD6sPA,bodybar-pilates-salt-lake-city
qfy6iX_r5PFweQpggod3lw,contact-combat-slc-salt-lake-city-3
bkwPlS6WO2PfrlnBiBqnKw,
MpLRhxr0RnFDd3P8VgDrDA,gracie-jiu-jitsu-salt-lake-city-salt-lake-city
DSa5GGZB8QUSFJ1XYlpb5A,
JEP38fI8Ciav4aEGR0Yk2A,hardline-performance-salt-lake-city
EefqXdiDciab5mgyTx11Xg,barrys-salt-lake-city
vshpaAYhBV0S_59xGNYTQA,
26pxx_HaZj2ZjjNeviWMBQ,the-point-pilates-salt-lake-city-2
pwqyGLhPnkF-_houE6LLhg,universal-swell-salt-lake-city
00Vsn_qYSZOgRaDhJp6BpQ,eōs-fitness-salt-lake-city-2
Ae22KjIuE-Fx92kJjl1K7Q,f45-training-400-south-salt-lake-city
v9T_lpGHCTasz5_UGxtF-w,orangetheory-fitness-sugar-house-salt-lake-city
quNIUDglqKfmfxaoCwHPxg,anytime-fitness-salt-lake-city
Dg9LAevMGsjfXj9gGGMCzA,
mGwoNG72R_CtCsCaMB-Mtg,hotworx-salt-lake-city-salt-lake-city-4
FqYvAqhTKkqXb6SK1s3dAg,pinnacle-performance-salt-lake-city
YraunqNoi1Rb6eeoxA7TOA,fairmont-aquatic-center-salt-lake-city
5ZvEalJGb7VCe-0rHAwnIA,arrichion-hot-yoga-salt-lake-city-salt-lake-city
RmuwaCx1d4a05ZUksY08Nw,bodywise-fitness-salt-lake-city
0hhn30cI72QnBW5INhIc8A,the-point-pilates-salt-lake-city
daxgrqrblS54CkJlSSkVLw,master-lus-health-center-salt-lake-city-4
LE7z99ZhrON727fB4NJIZQ,butler-pro-gym-south-salt-lake
McSJqJ5USCcOM5Ojs313gQ,212-fitness-salt-lake-city-2
c0EtgOfAz_owti3v20HQOg,continuum-mind-body-collaborative-salt-lake-city-2
gXttDyv3blkOAsMaKBhU_w,age-performance-salt-lake-city
C4Wme8iju3PAYfJuwCgVbw,live-and-evolve-salt-lake-city
ELxIjV5wtm3i0UsjBqFqoQ,boxing-is-for-girls-salt-lake-city
-fNntPBm8Jz3eTz0tu1sxg,the-little-wellness-place-salt-lake-city
DdwvK9wm9XBJKrnwDnabsw,
NjqMs5rwmcNar2Ilh3NuNA,epic-fitness-salt-lake-city
uoGQ-l6VS2IvBxQ0q2Jwgw,btone-fitness-brickyard-millcreek-3
91qnjrMNAZnyWwj6S2etOQ,tidal-yoga-salt-lake-city
4eKKuk9qEmINX6w5kVXpLg,vasa-fitness-brickyard-salt-lake-city-6
DV2KFKNMFPYAj56Ai_piKw,club-pilates-salt-lake-city
ODA_O35dHK5cqKTwnH3I7g,salt-lake-tennis-and-health-club-salt-lake-city
12Tr2xvXHKO1oSWj-3CLbw,brickyard-boxing-and-conditioning-salt-lake-city
fFNBtTf1EImtXALpuSmNUQ,planet-fitness-salt-lake-city-7
b_lOsP_6V-HNAu9TMsDNKQ,muv-better-pilates-and-training-salt-lake-city-2
ubN6_LENy2C8bKsWa-prVA,modusfit-salt-lake-city
GuqbuQ-TMwIavEuXOxRtoQ,the-winner-school-salt-lake-city
_rxfDHwVYUd0LZlxSFmRvA,master-kwons-world-class-after-school-salt-lake-city
rjYp4LaGI_o9DAQhXTaMjQ,
K9iW3wmjhdSwexFd0nE6FA,united-studios-of-self-defense-salt-lake-city-millcreek
1nZd_8OrKN3eJPTp2I_vkQ,rumble-boxing-murray-2
pM7SMu8UihADoWfItvMDTA,kiai-martial-arts-salt-lake-city
ajPnUnidLIXpY8ch5Yeg3w,hell-s-gate-gym-murray-2
g4dPQBW1dMSqi7eS3Y8AsQ,the-sports-mall-salt-lake-city
HsDDxlHNy65BuMKzTzc5Xg,planet-fitness-murray
4c_VG_w-g4kCrB8lWoCuHQ,pure-workout-murray
PhPlAQYA2tpsvBJ1hGRB4g,okinawa-karate-do-center-salt-lake-city
KINoCtqaCrgKNcgLel0wpg,the-studio-at-cutting-edge-murray
mtnEHOns_2Rq8zSUOTL-IA,
m3SzA-5mTyP6vR5-YZTJ5w,crossfit-emc-millcreek
71bTrgLF5EWpX7GkWjPjMA,physiofit-rx-salt-lake-city-3
INp3v7QG42jbfAqBP6Rpbg,core-body-pilates-salt-lake-city
vHolSRCIMF5_a0g5QG3y8Q,olio-mind-studio-salt-lake-city
FmAbg1nq1zPexDUSB2acbg,kg-strength-and-recovery-salt-lake-city
sK_HYVf8f4eK_Ih-WffDhw,method-pilates-millcreek
hW-G79hWuorzATa1a8NKCQ,hotworx-millcreek-2
YdQ-lQR-7C26J-gZBUCnZw,crossfit-spearhead-salt-lake-city-2
9bLmErgP1REN3au3mSQfsw,drive-personal-performance-center-salt-lake-city
zGpoQ81ugYcQ3yROwQeD5Q,yolo-pilates-salt-lake-city-2
uZezUxxGZQLr0-jH2rfb4w,holladay-health-and-fitness-salt-lake-city
8pWWFMqBD0RhiSEuww3-Og,kims-academy-of-taekwondo-salt-lake-city
RLVV-YkqQ0Rx-PYaMc3ATQ,rolf-structural-integration-salt-lake-salt-lake-city
VUu3axNMOMu-pfu0V3o2Vw,
B7yUhqGQBGdehUx5-6gPBA,
5a2sV_mrJyatCg_uGI2HAA,
UxXA5nZeWsx9BbC9N2pVRg,planet-fitness-salt-lake-city-6
eqIAS8FSwtkp-SwMEVWZcg,
P4LErcivWmVgUL5ONgFaag,rev-physical-therapy-salt-lake-city-2
fvxMIDK-4INiYAYe54l4mw,strength-elevated-coaching-salt-lake-city
aLakA2vG5kEmXQeCSmPJUg,twisted-trunk-millcreek
64t3HwSLEHLZHhUiT33Ikg,
1NCUIdSC_aB15B_VnJG1bg,body-temple-athletics-s-salt-lake-city
jplXtZRpv2DRlAeO0sLKBg,full-circle-yoga-and-therapy-salt-lake-city
S1IJGnp0owQEgj57ltpi2g,mindful-and-embodied-salt-lake-city
sn9wIlf_x2-EfDILiO6T2Q,warrior-strength-south-salt-lake
Z0RlVqE519hgmO8UDz4-ng,harmony-institute-salt-lake-city
Lrs-KuzVH6biyX0yKN59ww,
rd-mf0OulZx5Dm_ngSS7_A,alloy-personal-training-salt-lake-city
Uj1zyG78mtvablSwQCXkRQ,vasa-fitness-murray-van-winkle-salt-lake-city
qrsTL9Z7t6jb5ElV8bmiqA,continuum-salt-lake-city-2
sQ0X8UPgAoDPSR-sHvObPQ,peak-45-holladay
_hzc6Qfk0G2vxfuQDuHpng,good-vibes-dance-studio-salt-lake-city
UW85q0kYXw1ImGRtdUl7Mg,
WjuZiIviORNl9qfYC9VX3A,excell-fitlife-west-valley-city
ZCxN8a4wksY_GWdeQhSvZQ,higher-living-health-and-wellness-taylorsville
vSTDyXaGV_2IIo-V4d-38g,yoga-space-salt-lake-city
HYpj0w6UrEKTpGNSDS8Fdg,
c0rypxtnoI3efuswilkRZg,
I2__ohVUhuzKDhzQiNAoSw,
FfieLbg9u97rjiRWoC0ibA,
HzJTLFW6anZKJGr9-tB7Hw,
Ch0QqeIkkXy9HKjUzC49uQ,
Xp-3X7wZvNfgjmqlAioeKQ,
Q4rEL8T4QrNxTuLZ7zl-ZQ,
LOw7yzNv_jv4jN44gxBI4w,
znooHt343QsvcKAQvERL9w,
z9Fw61tU2W74l6A-xQ1N8g,bigger-faster-stronger-salt-lake-city
c_GglLnIGIaSfrLjsOyrjQ,
4a7dyBsYKT2T_RYomiIq5g,
am1ODG9YjgKTQPaYaMAclA,
2NfUbFt5319Jxwl_iVEDkQ,
w2PbIUs2tFJWS5tLmjyZ2Q,
BywznA0C3CoTEnlnCQV0bg,eōs-fitness-taylorsville
XApAqi5jA1cUTMnSLPLKIQ,hotworx-taylorsville-ut-crossroads-taylorsville-3
guWjZ2vr2Sv3qJ1JbDK70w,peak-pursuit-performance-and-rehab-taylorsville
wbvQ0VGfWYtr82RK2uXzrA,beehive-fitness-brigham-city
AtZpwGb7MMX8InW6mQYTbA,physiques-finest-brigham-city
HDej-50N3Pk1s4a0bZF5Sg,curves-brigham-city-2
x27uzrcRHRbIokFtiAok2w,
TWKu3y9s8XaICpqd-ygUdQ,
kYDkkCNqFeKR8_LfKc3w9w,
fahaiB1HmWl63KniPCBGIQ,
lkg8vashCco092W0QCmRXQ,
PoTfsDZTYcSgoItxVRxRJg,
Yii6Pev7NMHUAcFUOeisiw,
YUJZ537TjugQ8EoEs6WzdQ,
qSHdxy-336IO3zrcDOyszQ,the-pilates-body-north-ogden
kkBaLeM-bZ5upCeGFwywrA,snap-fitness-24-7-north-ogden-north-ogden
ua7UxYUQaJTnbLMleRafQA,west-coast-world-martial-arts-ogden
ES_R5fAhbJglyNFTfWGclA,north-ogden-yoga-north-ogden
tUp7rZ7H2VAK5TkRSwOMUQ,hyde-park-fitness-hyde-park
elLC9aMaNRMDxCYnKWvvMA,smithfield-recreation-center-smithfield
Mbb7wmKgvGZafFg7ZUDqDw,adam-pedicini-fitness-logan-2
pdgNJ_oE4eV5s0V8rJJYbw,tucker-fitness-iron-gym-logan
nDaxAx-XO059vYonZgO2NQ,high-point-gymnastics-logan
F88cDPek52Ukn81o9sH8Ww,livfit-training-center-logan
lDFC0qnAeuin62UNpxtidg,kubex-fitness-logan
RZbxuICfm4McdAUGB-_U-A,
UgVqHWIpoXEqFOxM3g8D7g,
jaSmPDJyyYPxQJ131SG2hw,
_jAr57HtzfDkEoAyvR0t1A,
wGv9z74U7pz4VyHINnSOGA,
QVEUkS57eAFqbfuAtkTndw,
isGjkKbHN7y0xBBSV79ppQ,
4tVLOH-teE-kGZ0F_tK8PQ,
OOKBRLth6tty8GPozN7-1g,
3t2hzx-Bx2oqJ9jxhiyW9g,
thWjzQSqjGGY7OiIMkdTfg,
hI13-R5szWJq5CWqkSQQWQ,
c4t_mw1WtGj33bKwgaZXJA,
ky07hi4b2r-DV040MYId4g,
zbNPoYM8mRYjhWe42iEDYw,
iZrwxqdtc9B1lVeQLY8MEQ,
46rj4v5iJz5WhHvbAhzyXQ,
rIx3cq0mxIlDDtgBfFFvsg,forge-training-and-performance-logan
pYCEIE_zHBMgQ6ONKoYUuw,planet-fitness-logan-2
_XcJ6lqQZ0onpW4AaGD8Uw,
_qndJozYqYEKYZXTfw17nQ,
igGAKfmP-K7ZU90FaWvc5Q,
E2mVNOV4_FptvkEMwYYFew,spring-creek-fitness-logan
-EgXF5e99CAoIjZxCavexQ,
lyriQq4He_rStf3NHvhdvg,
thX2tK4IIBUNKcdWbGhWcw,
JjBFlAhgk2z-PH4Ynsb2Hg,anytime-fitness-harrisville
eoglXyaN-_8vBOTnVj1zVw,
U_QZCKL6bxiZlA97GmtetA,
d3pyW0PUbaIH3iw-TBKazg,ogden-ninpo-university-village-community-center-ogden
6Je0OOZbnnDJGBDCKDmvsA,vasa-fitness-ogden-ogden-3
Wl1Nwc6nTzOJvV1HPrkLQA,
8Yuq1_m_H2DsYAg28E6TiQ,propulsion-pilates-south-ogden
eMt_v482AYjK8gyqQYDMlg,
cVrT-Hyv7IiQ_PjwPD9Q5w,
8gIx83N83evT1-rVrvXBdw,
kALHiH6KqypOOF4z1WJo6A,
v-UWge2j6zhkfBDz7pDW0A,
ny8hylw-vEbZ4ClRUhn3Bg,
zW6gNz8SNbcnSEr79MOXdQ,valley-pilates-eden-5
ce1OSwGY6XZwBHcgY9YV7w,
EpBZRFV6Arqeh-RGdUiOmQ,hel-fitness-liberty
UYgEiNPgpZ2QCrYZB7p3GQ,the-club-fitness-center-at-wolf-creek-resort-eden
KvlxBYmzoCGNdnDARULM0g,
wmJWLBjzVu1UVDanFFLUHQ,
-wda4O0Pl8D0G2rdTS09gg,club-pilates-south-ogden
2xM4gvDJ52OKFarwrZoiUQ,elevated-fitness-farr-west-2
MS5WfEB2isD9_Fb6yl89cQ,studio-reve-pilates-north-ogden
vvTG74alOzwjE7hHNTB-Wg,
nfAmkecC48BZ04Qaoe_glQ,
pdIuuLZNZjnvC050OH9arQ,
59E6EMslsDe_rv4ZMeAbxQ,
Ip08mppZtc8rz8CnimfOkA,
jt7G3boZwaXVRL7eQwEPFg,
gfqPlBnU44To9PC0Ii7Gyg,
KNYlxXymmdMbQHxSFcLlqg,
RyjL7bPHehnUiTxk4tHITQ,
4NPitQO50FTpVTM8ZdnohA,
3CEY4o_Fxa_GL3JYUo5ofA,
RWReB37rlVkT2QFYOdMv6w,
tbcIG2IQegmn8af1fvrf1Q,
_r9zYH6UHYHOYrpziKowVQ,the-body-shop-willard
upp_NpTTcBbeetcDEe3h3Q,rxfit-gym-springville-springville
gImsCGfVkdvmq6-ZJYYDKQ,moab-yoga-moab
bfGw3bIq5UZXQl6Qpk58bg,desert-power-yoga-moab
lh1hLymIe5eJVAdIqX2j6g,south-town-gym-moab
jwtTmM6-WOpLYNlxf4Xm7w,the-gym-on-5th-moab
2YxszkCcLk-8EO7V2kUZ8A,m-cs-healing-arts-moab
VBiuVdauuM7tQUDKRGHzvA,
ctRsXzt3liEzeY4UvYyQnQ,
q2ZN-AHEyxdbaQQnyuAuzg,
RJl-jrEM7Qy9WciQECTB0A,
yC-EdIN3TqT6WIB1ps7hvA,
uZ8EVMFv49rza1QbUOna4w,
eyWt_ZyCq8Tf5SBuyS2ItA,
Xq6zAz3urKdlRfzHZVY9EQ,
SlpIczVdfT618HisXS7UAw,
iAdMpEle7rF9GS0cUUhEtg,rxfit-gym-provo-provo
8enPIfKhnbQWUlNNtTAwRg,vasa-fitness-provo-provo-3
NuldfVS7yW8B_hN6OMeLvA,utah-iron-gym-springville
v7rSFPFOoPNgE02d2wkRtQ,sports-performance-academy-spanish-fork
-kybX0aUIjiXvmGsWMfYgw,omega-martial-arts-springville
9ofs8S6-TNqasgC6uduNSw,rock-canyon-crossfit-provo
yh1wV4lL3Yvz5xYMvSj9AA,infinity-bjj-utah-mapleton
VZtqakCBNm_bCNcJV7hXLw,
OKz_MncbVkaMOUJx8z1LIg,
YJIUYGFG87YIQQgeh749ug,own-it-fitness-provo
B7huHiZ-Cj0-zQ0qUorvLg,
vL1aUFZZb9slWWHBkgxtvg,
NLaJGOD8a9tOzfZANDzGsw,
yW1RrQ0PdvwidkU9j7QTCQ,
f1_P_SAmf27SKT_fJZ1b4g,
Qh3qt-6FzIFTCXZZ6Ma2jA,postura-springville
aldwZMVddSl1JtmI5jEqMw,anytime-fitness-springville
91G9Ok4OJD0RmrqdJ_D4MQ,
cdlVO-M3jFubaCJRE2SYgQ,eōs-fitness-springville
bdN8pXg9zFUBYB9vNKaBmw,elevated-crossfit-springville-4
D5v23htiHxbFGUwJoOb_Vw,
LPeN9ovUHwkKzjaVnsmsPA,
PKjr_LeCKAqvvxedqOPDLg,total-fitness-payson
9N_puDOaNXSxhs6hRwbczw,
VMi7OtXM4MWyYOBFcmtzfg,
xZbkZvIJAp4xA4ZLanSHnA,
uC9zuZH89sV1HjsC7p9Gng,
tPMuM6I5q24tBEmqnGvu4A,
gXx99XHCAGqEFU90EFfoQQ,
l7_w7vBE133SD_X0qbMAZg,
J32chWIo4K0LaeNM__ZTnA,hermes-crossfit-spanish-fork
GRoSdph0JfzElEzWu_g9_w,rise-martial-arts-spanish-fork
5Wh3wdXeAwQzh6ouTp9MCw,vasa-fitness-spanish-fork-spanish-fork-2
CFQf_MD8a_15g6-k7l9I9g,starlyte-yoga-spanish-fork
yq3J7JRH8aqNB7ZHxmQkuQ,bobby-lawrence-karate-schools-spanish-fork
P5Mqvrjj5l1T7qHMi0ShzQ,hotworx-spanish-fork-ut-spanish-fork-2
pK_xnit4atWjYfplm2l26g,
m_zBrxuqQEEqD9vxDWG11Q,
UFTGCttHzlgw3KM1v4M6zQ,
OooI5Ca0dvlC6KKvfEMWNw,
vdhFWEfnHkqcj8hO5QQl0A,
WLZpdglh1a8Rz2P6U4JQRg,
9nm7P-5P3ao0ZyVUgOgGzw,the-barn-elite-training-facility-mapleton
X7Cv7AlQSs9JMUya7_uo3g,
23FTYykm5Vb29gDiAj6X8w,
KxCs4VyMuXsWXiy5-SCuMQ,
ZC3_-RR6zSuS_-inGTG2Ng,
aWC8St2Xjsy2mPNWXbHTqQ,
G_yePLvKmJMcvqN_4w689A,
UpQ7hBPX33-Oe_jtCkqvnw,
v-uB0XUnnObPwFAhhkgiHg,
iTmHGj_P6JWjdIhtHY3UHg,
_wnx-kM3oB7wPkYNIKi43g,
E1NgcnkrySayLrPqKYMYFw,
4owsUDS6GsMA5l274czX4g,
Ls0dMOLfw0aRTFmpTUZlxQ,
fOxA0tYGEBgRGTtfcbKB3A,
TQBT9q4kq3wtlByLV8CtGw,
p0RIAexkAK_9zplkeNGomA,bristlecone-company-cedar-city
cotVZoZ8VG4LgMikt1B3gg,spirit-wellness-club-cedar-city
gn3MmVm3PXEJIAiiPpEjOQ,mixed-grappling-arts-brazilian-jiu-jitsu-cedar-city
UvS_IWg8nQgdh80ZF_fMmg,leona-freitas-richfield
dXewUgpzfc8i8zkFRoLAbQ,wellness-with-carla-cedar-city
DPlFgQUwmLtmMdR6HX4GLw,gym-on-main-parowan
qZPWjfGz9ONTAAJWW0VECA,stone-path-massage-and-energy-center-cedar-city-2
LZXT5iQmFzNDIcVq4NHdfw,retro-fitness-cedar-city-cedar-city
BTrOj4T9XT9Og7SQTSaQmQ,gym-on-main-parowan-2
Uxi-YqfRg2r0x9i-jdfLgA,patriot-jiu-jitsu-parowan
e-w7lT1NWrABJ-XgZYKDtA,
UQVYlBG3GIb5lOJwFO98jQ,snap-fitness-cedar-city-cedar-city
FRjyDEYZg6ugQ8_1dOBVPA,sage-hills-108-cedar-city
DzOLe1WRkXvaYOthoOhlKg,cedar-yoga-space-cedar-city
TMTH92TTv-DQEKXR3kREsA,
OZQw_a1U4Tb8clu7MrQxpw,high-mountain-crossfit-cedar-city
1X7Ul7SHbZaZ5fwtg9Ag7A,
b_LXKWZMpXn_Q2fH4bS80A,dows-karate-and-fitness-huntington-3
drJ1R2s5QL23qvsECgvStQ,vasa-fitness-cedar-city-cedar-city-2
pQDjtKuOQdBwepit8416Ug,mindful-martial-arts-no-title
JquD4lEpBAOd8_TRZTIuVA,
pEN8gXRfCyzsM59PVzA55Q,
kCkVAUsnsUy2xAgDX49GVw,
BU-V8fcZsa-8G3lK5MD4bw,
cLtX9-955AboBXDSpL_Eqw,
jtGQ_nDMH54E0ZmyXV_mVw,
ovwP3Pn8j0woYQ-wpqQXKQ,
RyEhAG2HU89OBe-wnc7oIw,
jEhRot3Kje34n0sh15Qo3Q,
jJgyePeMYWUxvgkdB7Y1aQ,
8rF8SBRMtGzBOR7OK4lONg,
2ujIXtWKSzOCddrOGcU1rg,
fVhrziWkZGuwOqw2eVNa1g,
TaAB8UAf6oZDCbguIX01xQ,
11wqerpr7mWTkrixWXSE7Q,
V1SG67pKUy4Ehr8BxwM-qw,
TNZ6ZkfbIkz2SSC026WF7Q,
_e-n7OE3QFpmcer3QtJZIQ,
gbPIFnKa4uTDDJ3hWBlodg,
bYYbEvBvQ4aLi1wWKy0KFQ,
oS0-ccjWjLqmMYL7OtiAeg,
jm5b9Mex706cS9ktl7yLnQ,massage-zion-springdale-3
LERKgEAOz4XxrOmmF28zZQ,
U5GXTd-ZPSg_IGRPeFmggw,bear-pit-and-the-modern-day-spartans-hurricane-2
0IL6Kifa-BkgmOqIQCbM3w,elevation-fitness-saint-george
zUK5IcQoMvbvaOdS4nTQ9w,contact-climbing-gym-st-george
XAANnIWWBW6dIr86zSMjzw,fitness-culture-st-george
dhggGQL5LyWGB_IcSuopww,breathe-salt-room-st-george
K9QWxbAvL878ielT8_T7cw,anytime-fitness-hurricane
Oszud2b2kX2p8cQjivF6aw,crossfit-muddy-water-washington
gFJRvjHEFkoH2gdZcm9yZA,stg-jiu-jitsu-st-george
DmgYdp-T45S4-bDL0Ex3VA,red-rock-martial-arts-st-george
RcuZZHgUjCJR00rMkf9jkw,sun-rock-yoga-st-george
Md0544nq7g1zwCQQchoVFw,free-will-healing-washington
Cq29cyQFyG0Z8vHOao9w7A,zaci-yoga-st-george
tU2AL09VdOBQl5yloXrFCQ,the-grip-fitness-washington
bT1xlhLgD5WPx3TVX-d-vw,rebeccas-yoga-and-bodywork-springdale
1ePsBZu4VWyf0K1HHeXyrw,fusion-mma-and-jiu-jitsu-st-george
rzYLRcO-WDzlaMSMKsYgjA,crossfit-zion-st-george
jtCfJnZAQFh0DZYljO0XiQ,crossfit-dixie-st-george
Gvd_tbwkDLDb7DaoMX7SWQ,paul-dunsdon-therapeutic-massage-and-sports-massage-of-dixie-st-george-2
0kgzZzAVXx2LIH2iJI7oOQ,ace-martial-arts-st-george
PaD1nlOel9MrGqdz13PF-g,awaken-studios-st-george-2
irrP1MOjVooz4WY8Y2Ufjw,cosmic-flow-yoga-springdale
YnuRGHc1uTmhAWj0q4-vDQ,hive-therapy-st-george
oFVd50mkmoGGzaTp2O6TjA,be-hot-yoga-and-pilates-saint-george-6
Lkp83xtTxyWaAb3hrsHmrw,coral-peak-gymnastics-washington-2
YoKJgAYC4GwLM8yGJ27PvA,gracie-jiu-jitsu-st-george-st-george-2
lKIIProZP1L2dF-BoR_xDQ,pure-barre-st-george-2
TNTe7vLT65lMZzIdLulO7g,hotworx-st-george
a8z0TSW-ztYZx87KoO-VvQ,yoga-soul-saint-george
2nITz7AlFBZdHM75aUoNGg,fortify-physical-therapy-st-george
TQ5QYMpEa6z29LwurP_RGg,athena-massage-and-fitness-santa-clara-2
VBL6jY5xg8xSOKja7fsazA,zion-canyon-yoga-springdale
SccQlcagtjlS6uMU-AiijA,club-pilates-santa-clara-2
LtV4Ote5aYbsRmifV8tiMg,warrior-meets-scholar-st-george
GUjG_azlXv4x8S3OmMLVTg,raven-self-defense-academy-hurricane
WWIsgHIAAr-MpameOgu4qg,performance-fitness-pf247-hurricane
xeaP7gg3JYNIAwn39X5f6A,
iy627Y-kGh3CFjLYp8teog,
eiZ6PdHkAPedCJW2WQA0oQ,
Q50MtvDx9E7ElGZFI8Hd6A,
3op2WWwVYHeggcmrcfNYcg,
xHnhMfa1lzZcaWpL26gUHw,
t45mpN4byo7L0xCPj5UYwg,
oeUWeS7Yd0T0_1G7PIh7Jw,
Hzu6bZRetOG59bK7YOTANg,
Hh1-l8UeNQCZpFpQA23BJw,entrada-sports-and-fitness-center-st-george
UObLcIKRv4804o1tnNKZvg,performance-fitness-pf247-saint-george
5UpSQyfent8lFfUAvFUsgw,natalie-cooper-st-george
jKEjhX7LUFtJXVKzSg5yow,
3DaB8fB2_6CYJSrXfMJSCQ,summit-athletic-club-st-george-8
FSg-X90K1S2E2q7KmgVeKQ,the-fix-physical-restoration-and-pilates-saint-george
VGjk5aQehbgd09sVFqN_7A,official-strength-and-athletics-st-george
k218SVQUCsTa7pRt__Z-Xg,symmetry-pilates-st-george
XIGcYs07q0oniRPHrG7wOA,untamed-yoga-st-george
DuUX6siOkcngvTk_k-Ax-w,orangetheory-fitness-st-george-st-george
PayuIW8-YjqLtJI_8RVJDw,f45-training-st-george-east-st-george
LfmfN16wFcvlpQ8oHvUqtg,vasa-fitness-saint-george-saint-george
xjt5QypvhxKzKC2t0dJg0g,fit20-dixie-commons-st-george
0zI0QOFZEbMI3DUgWzz0BQ,club-pilates-washington-6
XkcCh1G_kvfUC9P8TtHEZA,f45-training-st-george-south-st-george
XGVXeChEuzX6W1HzkyYIzw,burn-boot-camp-st-george
vTpwgY_XvRpdUVGV5zTNMA,canyonland-healing-arts-washington
EeXD1czUjEPPe5AYFC9epQ,breakthru-kickboxing-and-saint-city-krav-maga-st-george
oumr6ki9XRE9uAFxX90DSg,summit-athletic-club-st-george-7
M81cJxAbHckMH_BKLuer2Q,ohm-fitness-st-george-4
hukBbSDtkyC1S-yWAukbzQ,anytime-fitness-st-george-2
w9ArLqdl6Te1E9JS0Q_DFQ,granogi-st-george-2
z_cKtGCzms5NG6hzMh6yKg,iron-rehab-st-george
3bQxzDtfcWzx4oM4OTungg,
17j6XInakF5_JhV1fSOwkA,adobe-fitness-kanab
6lnVn1mfDa9SAn8_4wb1Hw,backcountry-bodywork-massage-therapy-kanab
oLkKIjeBcC5MUBHRSoA4sQ,
HNZuh7mKFE08N6feowNhWQ,
JRb7e9vg_8IOH0WR9RjBSQ,
loPqplsAiWDWnHN1jd0N5A,
j-7PEZLhtgKH3cWeDBUmKQ,
PzKGp9IdvccAoLovwFnZMA,bobby-lawrence-karate-st-george
ker8tZ_TIKWJL4mGjqMUsg,
rZ3hU65FSGBwGWKsjZO5bw,
qciVexF3zFsDrWADkrSUUQ,
